id,name,model_id:id,group_id:id,perm_read,perm_write,perm_create,perm_unlink
access_year_teacher,school.academic.year teacher,model_school_academic_year,group_school_teacher,1,0,0,0
access_year_accountant,school.academic.year accountant,model_school_academic_year,group_school_accountant,1,0,0,0
access_year_admin,school.academic.year admin,model_school_academic_year,group_school_admin,1,1,1,1
access_grade_teacher,school.grade teacher,model_school_grade,group_school_teacher,1,0,0,0
access_grade_accountant,school.grade accountant,model_school_grade,group_school_accountant,1,0,0,0
access_grade_admin,school.grade admin,model_school_grade,group_school_admin,1,1,1,1
access_class_teacher,school.class teacher,model_school_class,group_school_teacher,1,0,0,0
access_class_accountant,school.class accountant,model_school_class,group_school_accountant,1,0,0,0
access_class_admin,school.class admin,model_school_class,group_school_admin,1,1,1,1
access_student_teacher,school.student teacher,model_school_student,group_school_teacher,1,0,0,0
access_student_accountant,school.student accountant,model_school_student,group_school_accountant,1,0,0,0
access_student_admin,school.student admin,model_school_student,group_school_admin,1,1,1,1
